DROP DATABASE IF EXISTS ElorBase;
CREATE DATABASE ElorBase;
USE ElorBase;

-- Tabla roles
CREATE TABLE roles (
    id INT AUTO_INCREMENT PRIMARY KEY,
    nombre VARCHAR(20) NOT NULL
) ENGINE=InnoDB;

-- Tabla estado de reuniones
CREATE TABLE estado (
    id INT AUTO_INCREMENT PRIMARY KEY,
    nombre VARCHAR(20) NOT NULL
) ENGINE=InnoDB;

-- Tabla ciclos formativos
CREATE TABLE ciclo (
    id INT AUTO_INCREMENT PRIMARY KEY,
    nombre VARCHAR(60) NOT NULL,
    periodo VARCHAR(20) NOT NULL
) ENGINE=InnoDB;

-- Tabla usuarios generales
CREATE TABLE usuario (
    id INT AUTO_INCREMENT PRIMARY KEY,
    login VARCHAR(50) UNIQUE NOT NULL,
    dni VARCHAR(9) UNIQUE NOT NULL,
    clave VARCHAR(255) NOT NULL,
    nombre VARCHAR(30) NOT NULL,
    apellido VARCHAR(15) NOT NULL,
    telefono1 VARCHAR(9),
    telefono2 VARCHAR(9),
    foto longblob,
    direccion VARCHAR(50),
    existe boolean,
    tipo_usuario ENUM('Alumno', 'Profesor') NOT NULL
) ENGINE=InnoDB;

-- Tabla alumnos
CREATE TABLE alumno (
    id INT PRIMARY KEY,
    ciclo_id INT NOT NULL,
    curso INT NOT NULL,
    dual_intensiva BOOLEAN DEFAULT FALSE,
    FOREIGN KEY (id) REFERENCES usuario(id) ON DELETE CASCADE,
    FOREIGN KEY (ciclo_id) REFERENCES ciclo(id) ON DELETE CASCADE
) ENGINE=InnoDB;

-- Tabla profesores
CREATE TABLE profesor (
    id INT PRIMARY KEY,
    tipo ENUM('sustituto', 'contratado') NOT NULL,
    FOREIGN KEY (id) REFERENCES usuario(id) ON DELETE CASCADE
) ENGINE=InnoDB;

-- Tabla asignaturas
CREATE TABLE asignatura (
    id INT AUTO_INCREMENT PRIMARY KEY,
    nombre VARCHAR(100) NOT NULL,
    horas_totales INT NOT NULL,
    curso INT NOT NULL,
    codigo INT(3) NOT NULL
) ENGINE=InnoDB;

-- Relación asignaturas y ciclos
CREATE TABLE asignatura_ciclo (
    id INT AUTO_INCREMENT PRIMARY KEY,
    asignatura_id INT NOT NULL,
    ciclo_id INT NOT NULL,
    FOREIGN KEY (asignatura_id) REFERENCES asignatura(id) ON DELETE CASCADE,
    FOREIGN KEY (ciclo_id) REFERENCES ciclo(id) ON DELETE CASCADE
) ENGINE=InnoDB;

-- Tabla horarios
CREATE TABLE horario (
    id INT AUTO_INCREMENT PRIMARY KEY,
    dia ENUM('Lunes', 'Martes', 'Miércoles', 'Jueves', 'Viernes') NOT NULL,
    hora_inicio TIME NOT NULL,
    hora_fin TIME NOT NULL,
    usuario_id INT NOT NULL,
    asignatura_id INT NOT NULL,
    FOREIGN KEY (usuario_id) REFERENCES usuario(id) ON DELETE CASCADE,
    FOREIGN KEY (asignatura_id) REFERENCES asignatura(id) ON DELETE CASCADE
) ENGINE=InnoDB;

-- Tabla reuniones
CREATE TABLE reunion (
    id INT AUTO_INCREMENT PRIMARY KEY,
    titulo VARCHAR(30) NOT NULL,
    asunto VARCHAR(50),
    dia DATE NOT NULL,
    hora TIME NOT NULL,
    aula VARCHAR(40) NOT NULL,
    estado_id INT NOT NULL,
    organizador_id INT NOT NULL,
    FOREIGN KEY (estado_id) REFERENCES estado(id),
    FOREIGN KEY (organizador_id) REFERENCES profesor(id)
) ENGINE=InnoDB;

-- Tabla para invitados a reuniones
CREATE TABLE reunion_invitados (
    id INT AUTO_INCREMENT PRIMARY KEY,
    reunion_id INT NOT NULL,
    invitado_id INT NOT NULL,
    estado_invitacion ENUM('Pendiente', 'Aceptada', 'Rechazada') DEFAULT 'Pendiente',
    FOREIGN KEY (reunion_id) REFERENCES reunion(id) ON DELETE CASCADE,
    FOREIGN KEY (invitado_id) REFERENCES profesor(id) ON DELETE CASCADE
) ENGINE=InnoDB;

-- Relación usuario y roles
CREATE TABLE rol_usuario (
    id INT AUTO_INCREMENT PRIMARY KEY,
    usuario_id INT NOT NULL,
    rol_id INT NOT NULL,
    FOREIGN KEY (usuario_id) REFERENCES usuario(id) ON DELETE CASCADE,
    FOREIGN KEY (rol_id) REFERENCES roles(id) ON DELETE CASCADE
) ENGINE=InnoDB;

-- Inserciones iniciales para tablas
INSERT INTO roles (nombre) VALUES ('God'), ('Administracion'), ('Profesor'), ('Alumno');
INSERT INTO estado (nombre) VALUES ('Confirmado'), ('Cancelado'), ('Pendiente');
INSERT INTO ciclo (nombre, periodo) VALUES ('ASIR', '2024-25'), ('DAM', '2024-25'), ('DAW', '2024-25');

-- Ejemplo de asignaturas
INSERT INTO asignatura (nombre, horas_totales, curso, codigo) VALUES
    ('Implantación de sistemas operativos', 264, 2024, 369),
    ('Planificación y administración de redes', 198, 2024, 370),
    ('Fundamentos de hardware', 99, 2024, 371),
    ('Gestión de bases de datos', 198, 2024, 372),
    ('Lenguajes de marcas y sistemas de gestión informática', 132, 2024, 373),
    ('Administración de sistemas operativos', 120, 2024, 374),
    ('Servicios de red e internet', 120, 2024, 375),
    ('Implantación de aplicaciones web', 100, 2024, 376),
    ('Administración de sistemas gestores de bases de datos', 60, 2024, 377);

-- Ejemplo de usuarios
INSERT INTO usuario (login, dni, clave, nombre, apellido, foto, direccion, telefono1, telefono2 ,tipo_usuario,existe)
VALUES
    ('admin@example.com', '12345678A', 'admin', 'Admin', 'Principal', 'iVBORw0KGgoAAAANSUhEUgAAAOEAAADhCAMAAAAJbSJIAAAAPFBMVEX///+8vLz09PS5ubn39/e/v7+3t7f7+/vu7u7i4uLV1dXp6en5+fnr6+vFxcXy8vLPz8/Z2dnLy8ve3t6qJOJFAAAGwUlEQVR4nO2dia7bIBBFaxbva/L//1pjx1m9cAkDztMcqdWTqjo+GQyDGXj//jEMwzAMwzAMwzAMwzAMwzAMwzAMwzAMwzAME55MdE1VGKomF1ns2/FJnRdlq2WapnImNUh9KYv890VF0Wsjlaww2eq+ELFv0pmsKfWG3KunLptfjGXVJ4d2d9Kkr2LfMIYoE2u7u2T5O821alPUzyDT9jcCWWgXvZukLmLf/iHf+P2CY/Wl3+x43rbatd/7GdK2i62yTpl68Zscy9gyKzQeGugDqZvYQu+UPv0mx3OFUXgN4E1RnygDKPw9gc+kpxk4ev8BnJF9bLWJ7EIlOCq2J5h0KIJH8ElRq9iCHaXf5Bi5v8mpBUfF/I8LxlUMIhhTkfwZvCtGehZVKMFRMUqPmulggkmiY4yLniaDdsg2vKD3ycSBYvCpRhFWMHwaLmhmE7uKYTvUkL3Mgg4pGPghnAn5KDYxBEfFcO9uYrRRQ7B2GqWNGkK10y58P7qQhnlV3EYTTJIgqU0VL4RjEEOsabh3M1KmZll4/tuRAJ2NY7ompb4MVd4JIbq8Gkz9gtt16JM3pxBKXVZKKbEw/liVbi/pyIPoEkLZFuJhd7cUhcsEjDyIeAilLj71bpEs4IIG8iDiHWlarsTvEUc8e5C03Sk+Fm4FcHHEmz3pmAhPC3W+Lzgq5mjDJ50oom1Kdwd+hg5UJM1OsVtJtIWfAVWkEwT7GWkTwSmKWNMgnCf22I1UR8/ggqogRbqF0wwTLGtLQSFq8AGnej/cQI1U20ZwiiL0KJI1U+iLtm+jE1A7JetNke9ZXiBBoS7AxakyNwF9zQ1mKKD3d0TLbVB+1YKCQiEJIdEEAymbkVfUUFyRy9OMF9BjiPqNIE2E5EHMoEZqPxYuYM2UYkREyhLkADdSoQbkAyiKF5CORlawIDYkknQ1yHgvcwdDqJFQjPnQkIw30hHkAy4EhkhXCuWkC1BuStGZko73kyHUmfoXzJCJhcNgARqm/ocL6CWUk2ENGfrPTKFVwwCG/lcSsbV7B0GspyGYBGNTVBdDaLQgePMNzZ1k4yCIzRD9JzWYIT55EgqZPsU37B0MoW0bsQ2TBO9Ma+j60Q0dJhfgW2H/htgNJHAzxRopRV+KvQ52GC+ir12AlVDoLB+a4SckOQ28OAqGELw6QV4KzS0MPdKdKnTtlWBuAc0PDdDCBdiP0aySwnUmtivABvziBIbQexqDvNi20xrfpEnxnqZEb8J6jRRdH02I3rU51HvJwUaxBgeK6cpXAkOXrXg2UYS70enCFO+8oXWL+50cZ29OO8FJ1i1c6y53q6JU7rZBjGYR2HHb/Zi/bTkqNFe7X5Nm/dB1M5dMilVHpa6uO92J1oDB7P/5hvTQvUkq1Q3uO/mpts1+sVVGJu3QjFo3RDO0X5Szk1XR4mP+i2Qq20tflmV/aYGj3FYvRVVPA06CN+5OOlQ+v5FS1URhdW12PtIpnGT7nrHaRHP7fbV7/J5MSmGOHwQvS3eoC1ZfKpOxBzXV6oNe/39jF2uq3MdeFXOkrGXH/JYifVWPcXrbCiTNYZDLCDJ+CVBbpRMEqhXeMhml8mvfajmf05q0/TWvX//dPrshrfO2fR0lL93KJhll9jzlZu+T+kxyVGc7DabdhGi1iDmmaU4rpJY7aGj3INq8MVoNoA12YSTeM2ORudlN7DfCaPE0Um9eO55gYNXP72GsDr9A8g2I+0GU7eE2oAPFox009JtId4Mo26/0ZnZn/QH2kO4FES1fX0ft9TchDh3YTt38CO4qBtnLvTkm+hIc2VQMc9TQxkqil2fwxlaJW6AzFTayU2Qh5pjVpz3c+S1rH2+9Fc8KtbphL9wZPCvVS+A2p2PFlfww4Pk0n+3UpTj/QPEjgQt73NdbO/XYjT4U3zvUoOdEfUwUvfsZXj8i8Flfr8lb6rK94hD1kluEPzb5aZ1GQmUX9tQvnxFa8OXcRBI/w0MwwrmJj7Mv5cHBEO48jpSIcvbl/fxSp80Vloq37C3O+aXLcptTxbMtc24R7zxoU7zgUg5sjzILCZGPSvabj35gPiHucdcp0UixoPo0quCo6LLTECGP/xtZiA1j6xn+vOA4MJL5Rf/FCAsZkWAdW+wBjeIJfnvHEwQz4NhK7/gO47kCOOMzjKcL4Iy3MKozBnDGj+OJutAVvs9Sz+1n+M7xvO3zGde22v2InyFzOjUi9l2DgJIn7j53sJb8Tb2ZrD6yVPUP6y1k9Xr/+ifkXsiyrL79+WtqDMMwDMMwDMMwDMMwDMMwDMMwDMMwDMMwDPMj/AdYbnDtWSif0gAAAABJRU5ErkJggg==', 'Av. Siempre Viva 742', '621345678', '652987341', 'Profesor',0),
    ('prof.jose@example.com', '23456789B', 'admin', 'Jose', 'Profesor', 'iVBORw0KGgoAAAANSUhEUgAAAOEAAADhCAMAAAAJbSJIAAAAPFBMVEX///+8vLz09PS5ubn39/e/v7+3t7f7+/vu7u7i4uLV1dXp6en5+fnr6+vFxcXy8vLPz8/Z2dnLy8ve3t6qJOJFAAAGwUlEQVR4nO2dia7bIBBFaxbva/L//1pjx1m9cAkDztMcqdWTqjo+GQyDGXj//jEMwzAMwzAMwzAMwzAMwzAMwzAMwzAMwzAME55MdE1VGKomF1ns2/FJnRdlq2WapnImNUh9KYv890VF0Wsjlaww2eq+ELFv0pmsKfWG3KunLptfjGXVJ4d2d9Kkr2LfMIYoE2u7u2T5O821alPUzyDT9jcCWWgXvZukLmLf/iHf+P2CY/Wl3+x43rbatd/7GdK2i62yTpl68Zscy9gyKzQeGugDqZvYQu+UPv0mx3OFUXgN4E1RnygDKPw9gc+kpxk4ev8BnJF9bLWJ7EIlOCq2J5h0KIJH8ElRq9iCHaXf5Bi5v8mpBUfF/I8LxlUMIhhTkfwZvCtGehZVKMFRMUqPmulggkmiY4yLniaDdsg2vKD3ycSBYvCpRhFWMHwaLmhmE7uKYTvUkL3Mgg4pGPghnAn5KDYxBEfFcO9uYrRRQ7B2GqWNGkK10y58P7qQhnlV3EYTTJIgqU0VL4RjEEOsabh3M1KmZll4/tuRAJ2NY7ompb4MVd4JIbq8Gkz9gtt16JM3pxBKXVZKKbEw/liVbi/pyIPoEkLZFuJhd7cUhcsEjDyIeAilLj71bpEs4IIG8iDiHWlarsTvEUc8e5C03Sk+Fm4FcHHEmz3pmAhPC3W+Lzgq5mjDJ50oom1Kdwd+hg5UJM1OsVtJtIWfAVWkEwT7GWkTwSmKWNMgnCf22I1UR8/ggqogRbqF0wwTLGtLQSFq8AGnej/cQI1U20ZwiiL0KJI1U+iLtm+jE1A7JetNke9ZXiBBoS7AxakyNwF9zQ1mKKD3d0TLbVB+1YKCQiEJIdEEAymbkVfUUFyRy9OMF9BjiPqNIE2E5EHMoEZqPxYuYM2UYkREyhLkADdSoQbkAyiKF5CORlawIDYkknQ1yHgvcwdDqJFQjPnQkIw30hHkAy4EhkhXCuWkC1BuStGZko73kyHUmfoXzJCJhcNgARqm/ocL6CWUk2ENGfrPTKFVwwCG/lcSsbV7B0GspyGYBGNTVBdDaLQgePMNzZ1k4yCIzRD9JzWYIT55EgqZPsU37B0MoW0bsQ2TBO9Ma+j60Q0dJhfgW2H/htgNJHAzxRopRV+KvQ52GC+ir12AlVDoLB+a4SckOQ28OAqGELw6QV4KzS0MPdKdKnTtlWBuAc0PDdDCBdiP0aySwnUmtivABvziBIbQexqDvNi20xrfpEnxnqZEb8J6jRRdH02I3rU51HvJwUaxBgeK6cpXAkOXrXg2UYS70enCFO+8oXWL+50cZ29OO8FJ1i1c6y53q6JU7rZBjGYR2HHb/Zi/bTkqNFe7X5Nm/dB1M5dMilVHpa6uO92J1oDB7P/5hvTQvUkq1Q3uO/mpts1+sVVGJu3QjFo3RDO0X5Szk1XR4mP+i2Qq20tflmV/aYGj3FYvRVVPA06CN+5OOlQ+v5FS1URhdW12PtIpnGT7nrHaRHP7fbV7/J5MSmGOHwQvS3eoC1ZfKpOxBzXV6oNe/39jF2uq3MdeFXOkrGXH/JYifVWPcXrbCiTNYZDLCDJ+CVBbpRMEqhXeMhml8mvfajmf05q0/TWvX//dPrshrfO2fR0lL93KJhll9jzlZu+T+kxyVGc7DabdhGi1iDmmaU4rpJY7aGj3INq8MVoNoA12YSTeM2ORudlN7DfCaPE0Um9eO55gYNXP72GsDr9A8g2I+0GU7eE2oAPFox009JtId4Mo26/0ZnZn/QH2kO4FES1fX0ft9TchDh3YTt38CO4qBtnLvTkm+hIc2VQMc9TQxkqil2fwxlaJW6AzFTayU2Qh5pjVpz3c+S1rH2+9Fc8KtbphL9wZPCvVS+A2p2PFlfww4Pk0n+3UpTj/QPEjgQt73NdbO/XYjT4U3zvUoOdEfUwUvfsZXj8i8Flfr8lb6rK94hD1kluEPzb5aZ1GQmUX9tQvnxFa8OXcRBI/w0MwwrmJj7Mv5cHBEO48jpSIcvbl/fxSp80Vloq37C3O+aXLcptTxbMtc24R7zxoU7zgUg5sjzILCZGPSvabj35gPiHucdcp0UixoPo0quCo6LLTECGP/xtZiA1j6xn+vOA4MJL5Rf/FCAsZkWAdW+wBjeIJfnvHEwQz4NhK7/gO47kCOOMzjKcL4Iy3MKozBnDGj+OJutAVvs9Sz+1n+M7xvO3zGde22v2InyFzOjUi9l2DgJIn7j53sJb8Tb2ZrD6yVPUP6y1k9Xr/+ifkXsiyrL79+WtqDMMwDMMwDMMwDMMwDMMwDMMwDMMwDMMwDPMj/AdYbnDtWSif0gAAAABJRU5ErkJggg==', 'Av. Siempre Viva 742', '609875342', '741258963', 'Profesor',1),
    ('alumno1@example.com', '34567890C', 'admin', 'Alumno1', 'Ejemplo', 'iVBORw0KGgoAAAANSUhEUgAAAOEAAADhCAMAAAAJbSJIAAAAPFBMVEX///+8vLz09PS5ubn39/e/v7+3t7f7+/vu7u7i4uLV1dXp6en5+fnr6+vFxcXy8vLPz8/Z2dnLy8ve3t6qJOJFAAAGwUlEQVR4nO2dia7bIBBFaxbva/L//1pjx1m9cAkDztMcqdWTqjo+GQyDGXj//jEMwzAMwzAMwzAMwzAMwzAMwzAMwzAMwzAME55MdE1VGKomF1ns2/FJnRdlq2WapnImNUh9KYv890VF0Wsjlaww2eq+ELFv0pmsKfWG3KunLptfjGXVJ4d2d9Kkr2LfMIYoE2u7u2T5O821alPUzyDT9jcCWWgXvZukLmLf/iHf+P2CY/Wl3+x43rbatd/7GdK2i62yTpl68Zscy9gyKzQeGugDqZvYQu+UPv0mx3OFUXgN4E1RnygDKPw9gc+kpxk4ev8BnJF9bLWJ7EIlOCq2J5h0KIJH8ElRq9iCHaXf5Bi5v8mpBUfF/I8LxlUMIhhTkfwZvCtGehZVKMFRMUqPmulggkmiY4yLniaDdsg2vKD3ycSBYvCpRhFWMHwaLmhmE7uKYTvUkL3Mgg4pGPghnAn5KDYxBEfFcO9uYrRRQ7B2GqWNGkK10y58P7qQhnlV3EYTTJIgqU0VL4RjEEOsabh3M1KmZll4/tuRAJ2NY7ompb4MVd4JIbq8Gkz9gtt16JM3pxBKXVZKKbEw/liVbi/pyIPoEkLZFuJhd7cUhcsEjDyIeAilLj71bpEs4IIG8iDiHWlarsTvEUc8e5C03Sk+Fm4FcHHEmz3pmAhPC3W+Lzgq5mjDJ50oom1Kdwd+hg5UJM1OsVtJtIWfAVWkEwT7GWkTwSmKWNMgnCf22I1UR8/ggqogRbqF0wwTLGtLQSFq8AGnej/cQI1U20ZwiiL0KJI1U+iLtm+jE1A7JetNke9ZXiBBoS7AxakyNwF9zQ1mKKD3d0TLbVB+1YKCQiEJIdEEAymbkVfUUFyRy9OMF9BjiPqNIE2E5EHMoEZqPxYuYM2UYkREyhLkADdSoQbkAyiKF5CORlawIDYkknQ1yHgvcwdDqJFQjPnQkIw30hHkAy4EhkhXCuWkC1BuStGZko73kyHUmfoXzJCJhcNgARqm/ocL6CWUk2ENGfrPTKFVwwCG/lcSsbV7B0GspyGYBGNTVBdDaLQgePMNzZ1k4yCIzRD9JzWYIT55EgqZPsU37B0MoW0bsQ2TBO9Ma+j60Q0dJhfgW2H/htgNJHAzxRopRV+KvQ52GC+ir12AlVDoLB+a4SckOQ28OAqGELw6QV4KzS0MPdKdKnTtlWBuAc0PDdDCBdiP0aySwnUmtivABvziBIbQexqDvNi20xrfpEnxnqZEb8J6jRRdH02I3rU51HvJwUaxBgeK6cpXAkOXrXg2UYS70enCFO+8oXWL+50cZ29OO8FJ1i1c6y53q6JU7rZBjGYR2HHb/Zi/bTkqNFe7X5Nm/dB1M5dMilVHpa6uO92J1oDB7P/5hvTQvUkq1Q3uO/mpts1+sVVGJu3QjFo3RDO0X5Szk1XR4mP+i2Qq20tflmV/aYGj3FYvRVVPA06CN+5OOlQ+v5FS1URhdW12PtIpnGT7nrHaRHP7fbV7/J5MSmGOHwQvS3eoC1ZfKpOxBzXV6oNe/39jF2uq3MdeFXOkrGXH/JYifVWPcXrbCiTNYZDLCDJ+CVBbpRMEqhXeMhml8mvfajmf05q0/TWvX//dPrshrfO2fR0lL93KJhll9jzlZu+T+kxyVGc7DabdhGi1iDmmaU4rpJY7aGj3INq8MVoNoA12YSTeM2ORudlN7DfCaPE0Um9eO55gYNXP72GsDr9A8g2I+0GU7eE2oAPFox009JtId4Mo26/0ZnZn/QH2kO4FES1fX0ft9TchDh3YTt38CO4qBtnLvTkm+hIc2VQMc9TQxkqil2fwxlaJW6AzFTayU2Qh5pjVpz3c+S1rH2+9Fc8KtbphL9wZPCvVS+A2p2PFlfww4Pk0n+3UpTj/QPEjgQt73NdbO/XYjT4U3zvUoOdEfUwUvfsZXj8i8Flfr8lb6rK94hD1kluEPzb5aZ1GQmUX9tQvnxFa8OXcRBI/w0MwwrmJj7Mv5cHBEO48jpSIcvbl/fxSp80Vloq37C3O+aXLcptTxbMtc24R7zxoU7zgUg5sjzILCZGPSvabj35gPiHucdcp0UixoPo0quCo6LLTECGP/xtZiA1j6xn+vOA4MJL5Rf/FCAsZkWAdW+wBjeIJfnvHEwQz4NhK7/gO47kCOOMzjKcL4Iy3MKozBnDGj+OJutAVvs9Sz+1n+M7xvO3zGde22v2InyFzOjUi9l2DgJIn7j53sJb8Tb2ZrD6yVPUP6y1k9Xr/+ifkXsiyrL79+WtqDMMwDMMwDMMwDMMwDMMwDMMwDMMwDMMwDPMj/AdYbnDtWSif0gAAAABJRU5ErkJggg==', 'Av. Siempre Viva 742', '621345678', '609875342', 'Alumno',1),
    ('maria.fernandez@example.com', '23656789B', 'admin', 'Maria', 'Fernandez', 'iVBORw0KGgoAAAANSUhEUgAAAOEAAADhCAMAAAAJbSJIAAAAPFBMVEX///+8vLz09PS5ubn39/e/v7+3t7f7+/vu7u7i4uLV1dXp6en5+fnr6+vFxcXy8vLPz8/Z2dnLy8ve3t6qJOJFAAAGwUlEQVR4nO2dia7bIBBFaxbva/L//1pjx1m9cAkDztMcqdWTqjo+GQyDGXj//jEMwzAMwzAMwzAMwzAMwzAMwzAMwzAMwzAME55MdE1VGKomF1ns2/FJnRdlq2WapnImNUh9KYv890VF0Wsjlaww2eq+ELFv0pmsKfWG3KunLptfjGXVJ4d2d9Kkr2LfMIYoE2u7u2T5O821alPUzyDT9jcCWWgXvZukLmLf/iHf+P2CY/Wl3+x43rbatd/7GdK2i62yTpl68Zscy9gyKzQeGugDqZvYQu+UPv0mx3OFUXgN4E1RnygDKPw9gc+kpxk4ev8BnJF9bLWJ7EIlOCq2J5h0KIJH8ElRq9iCHaXf5Bi5v8mpBUfF/I8LxlUMIhhTkfwZvCtGehZVKMFRMUqPmulggkmiY4yLniaDdsg2vKD3ycSBYvCpRhFWMHwaLmhmE7uKYTvUkL3Mgg4pGPghnAn5KDYxBEfFcO9uYrRRQ7B2GqWNGkK10y58P7qQhnlV3EYTTJIgqU0VL4RjEEOsabh3M1KmZll4/tuRAJ2NY7ompb4MVd4JIbq8Gkz9gtt16JM3pxBKXVZKKbEw/liVbi/pyIPoEkLZFuJhd7cUhcsEjDyIeAilLj71bpEs4IIG8iDiHWlarsTvEUc8e5C03Sk+Fm4FcHHEmz3pmAhPC3W+Lzgq5mjDJ50oom1Kdwd+hg5UJM1OsVtJtIWfAVWkEwT7GWkTwSmKWNMgnCf22I1UR8/ggqogRbqF0wwTLGtLQSFq8AGnej/cQI1U20ZwiiL0KJI1U+iLtm+jE1A7JetNke9ZXiBBoS7AxakyNwF9zQ1mKKD3d0TLbVB+1YKCQiEJIdEEAymbkVfUUFyRy9OMF9BjiPqNIE2E5EHMoEZqPxYuYM2UYkREyhLkADdSoQbkAyiKF5CORlawIDYkknQ1yHgvcwdDqJFQjPnQkIw30hHkAy4EhkhXCuWkC1BuStGZko73kyHUmfoXzJCJhcNgARqm/ocL6CWUk2ENGfrPTKFVwwCG/lcSsbV7B0GspyGYBGNTVBdDaLQgePMNzZ1k4yCIzRD9JzWYIT55EgqZPsU37B0MoW0bsQ2TBO9Ma+j60Q0dJhfgW2H/htgNJHAzxRopRV+KvQ52GC+ir12AlVDoLB+a4SckOQ28OAqGELw6QV4KzS0MPdKdKnTtlWBuAc0PDdDCBdiP0aySwnUmtivABvziBIbQexqDvNi20xrfpEnxnqZEb8J6jRRdH02I3rU51HvJwUaxBgeK6cpXAkOXrXg2UYS70enCFO+8oXWL+50cZ29OO8FJ1i1c6y53q6JU7rZBjGYR2HHb/Zi/bTkqNFe7X5Nm/dB1M5dMilVHpa6uO92J1oDB7P/5hvTQvUkq1Q3uO/mpts1+sVVGJu3QjFo3RDO0X5Szk1XR4mP+i2Qq20tflmV/aYGj3FYvRVVPA06CN+5OOlQ+v5FS1URhdW12PtIpnGT7nrHaRHP7fbV7/J5MSmGOHwQvS3eoC1ZfKpOxBzXV6oNe/39jF2uq3MdeFXOkrGXH/JYifVWPcXrbCiTNYZDLCDJ+CVBbpRMEqhXeMhml8mvfajmf05q0/TWvX//dPrshrfO2fR0lL93KJhll9jzlZu+T+kxyVGc7DabdhGi1iDmmaU4rpJY7aGj3INq8MVoNoA12YSTeM2ORudlN7DfCaPE0Um9eO55gYNXP72GsDr9A8g2I+0GU7eE2oAPFox009JtId4Mo26/0ZnZn/QH2kO4FES1fX0ft9TchDh3YTt38CO4qBtnLvTkm+hIc2VQMc9TQxkqil2fwxlaJW6AzFTayU2Qh5pjVpz3c+S1rH2+9Fc8KtbphL9wZPCvVS+A2p2PFlfww4Pk0n+3UpTj/QPEjgQt73NdbO/XYjT4U3zvUoOdEfUwUvfsZXj8i8Flfr8lb6rK94hD1kluEPzb5aZ1GQmUX9tQvnxFa8OXcRBI/w0MwwrmJj7Mv5cHBEO48jpSIcvbl/fxSp80Vloq37C3O+aXLcptTxbMtc24R7zxoU7zgUg5sjzILCZGPSvabj35gPiHucdcp0UixoPo0quCo6LLTECGP/xtZiA1j6xn+vOA4MJL5Rf/FCAsZkWAdW+wBjeIJfnvHEwQz4NhK7/gO47kCOOMzjKcL4Iy3MKozBnDGj+OJutAVvs9Sz+1n+M7xvO3zGde22v2InyFzOjUi9l2DgJIn7j53sJb8Tb2ZrD6yVPUP6y1k9Xr/+ifkXsiyrL79+WtqDMMwDMMwDMMwDMMwDMMwDMMwDMMwDMMwDPMj/AdYbnDtWSif0gAAAABJRU5ErkJggg==', 'Av. Siempre Viva 742', '978456123', '945678901', 'Profesor',1),
    ('juan.perez@example.com', '34567690C', 'admin', 'Juan', 'Perez', 'iVBORw0KGgoAAAANSUhEUgAAAOEAAADhCAMAAAAJbSJIAAAAPFBMVEX///+8vLz09PS5ubn39/e/v7+3t7f7+/vu7u7i4uLV1dXp6en5+fnr6+vFxcXy8vLPz8/Z2dnLy8ve3t6qJOJFAAAGwUlEQVR4nO2dia7bIBBFaxbva/L//1pjx1m9cAkDztMcqdWTqjo+GQyDGXj//jEMwzAMwzAMwzAMwzAMwzAMwzAMwzAMwzAME55MdE1VGKomF1ns2/FJnRdlq2WapnImNUh9KYv890VF0Wsjlaww2eq+ELFv0pmsKfWG3KunLptfjGXVJ4d2d9Kkr2LfMIYoE2u7u2T5O821alPUzyDT9jcCWWgXvZukLmLf/iHf+P2CY/Wl3+x43rbatd/7GdK2i62yTpl68Zscy9gyKzQeGugDqZvYQu+UPv0mx3OFUXgN4E1RnygDKPw9gc+kpxk4ev8BnJF9bLWJ7EIlOCq2J5h0KIJH8ElRq9iCHaXf5Bi5v8mpBUfF/I8LxlUMIhhTkfwZvCtGehZVKMFRMUqPmulggkmiY4yLniaDdsg2vKD3ycSBYvCpRhFWMHwaLmhmE7uKYTvUkL3Mgg4pGPghnAn5KDYxBEfFcO9uYrRRQ7B2GqWNGkK10y58P7qQhnlV3EYTTJIgqU0VL4RjEEOsabh3M1KmZll4/tuRAJ2NY7ompb4MVd4JIbq8Gkz9gtt16JM3pxBKXVZKKbEw/liVbi/pyIPoEkLZFuJhd7cUhcsEjDyIeAilLj71bpEs4IIG8iDiHWlarsTvEUc8e5C03Sk+Fm4FcHHEmz3pmAhPC3W+Lzgq5mjDJ50oom1Kdwd+hg5UJM1OsVtJtIWfAVWkEwT7GWkTwSmKWNMgnCf22I1UR8/ggqogRbqF0wwTLGtLQSFq8AGnej/cQI1U20ZwiiL0KJI1U+iLtm+jE1A7JetNke9ZXiBBoS7AxakyNwF9zQ1mKKD3d0TLbVB+1YKCQiEJIdEEAymbkVfUUFyRy9OMF9BjiPqNIE2E5EHMoEZqPxYuYM2UYkREyhLkADdSoQbkAyiKF5CORlawIDYkknQ1yHgvcwdDqJFQjPnQkIw30hHkAy4EhkhXCuWkC1BuStGZko73kyHUmfoXzJCJhcNgARqm/ocL6CWUk2ENGfrPTKFVwwCG/lcSsbV7B0GspyGYBGNTVBdDaLQgePMNzZ1k4yCIzRD9JzWYIT55EgqZPsU37B0MoW0bsQ2TBO9Ma+j60Q0dJhfgW2H/htgNJHAzxRopRV+KvQ52GC+ir12AlVDoLB+a4SckOQ28OAqGELw6QV4KzS0MPdKdKnTtlWBuAc0PDdDCBdiP0aySwnUmtivABvziBIbQexqDvNi20xrfpEnxnqZEb8J6jRRdH02I3rU51HvJwUaxBgeK6cpXAkOXrXg2UYS70enCFO+8oXWL+50cZ29OO8FJ1i1c6y53q6JU7rZBjGYR2HHb/Zi/bTkqNFe7X5Nm/dB1M5dMilVHpa6uO92J1oDB7P/5hvTQvUkq1Q3uO/mpts1+sVVGJu3QjFo3RDO0X5Szk1XR4mP+i2Qq20tflmV/aYGj3FYvRVVPA06CN+5OOlQ+v5FS1URhdW12PtIpnGT7nrHaRHP7fbV7/J5MSmGOHwQvS3eoC1ZfKpOxBzXV6oNe/39jF2uq3MdeFXOkrGXH/JYifVWPcXrbCiTNYZDLCDJ+CVBbpRMEqhXeMhml8mvfajmf05q0/TWvX//dPrshrfO2fR0lL93KJhll9jzlZu+T+kxyVGc7DabdhGi1iDmmaU4rpJY7aGj3INq8MVoNoA12YSTeM2ORudlN7DfCaPE0Um9eO55gYNXP72GsDr9A8g2I+0GU7eE2oAPFox009JtId4Mo26/0ZnZn/QH2kO4FES1fX0ft9TchDh3YTt38CO4qBtnLvTkm+hIc2VQMc9TQxkqil2fwxlaJW6AzFTayU2Qh5pjVpz3c+S1rH2+9Fc8KtbphL9wZPCvVS+A2p2PFlfww4Pk0n+3UpTj/QPEjgQt73NdbO/XYjT4U3zvUoOdEfUwUvfsZXj8i8Flfr8lb6rK94hD1kluEPzb5aZ1GQmUX9tQvnxFa8OXcRBI/w0MwwrmJj7Mv5cHBEO48jpSIcvbl/fxSp80Vloq37C3O+aXLcptTxbMtc24R7zxoU7zgUg5sjzILCZGPSvabj35gPiHucdcp0UixoPo0quCo6LLTECGP/xtZiA1j6xn+vOA4MJL5Rf/FCAsZkWAdW+wBjeIJfnvHEwQz4NhK7/gO47kCOOMzjKcL4Iy3MKozBnDGj+OJutAVvs9Sz+1n+M7xvO3zGde22v2InyFzOjUi9l2DgJIn7j53sJb8Tb2ZrD6yVPUP6y1k9Xr/+ifkXsiyrL79+WtqDMMwDMMwDMMwDMMwDMMwDMMwDMMwDMMwDPMj/AdYbnDtWSif0gAAAABJRU5ErkJggg==', 'Calle Luna 123', '723456789', '741258963', 'Alumno',1),
    ('ana.lopez@example.com', '45678901D', 'admin', 'Ana', 'Lopez', 'iVBORw0KGgoAAAANSUhEUgAAAOEAAADhCAMAAAAJbSJIAAAAPFBMVEX///+8vLz09PS5ubn39/e/v7+3t7f7+/vu7u7i4uLV1dXp6en5+fnr6+vFxcXy8vLPz8/Z2dnLy8ve3t6qJOJFAAAGwUlEQVR4nO2dia7bIBBFaxbva/L//1pjx1m9cAkDztMcqdWTqjo+GQyDGXj//jEMwzAMwzAMwzAMwzAMwzAMwzAMwzAMwzAME55MdE1VGKomF1ns2/FJnRdlq2WapnImNUh9KYv890VF0Wsjlaww2eq+ELFv0pmsKfWG3KunLptfjGXVJ4d2d9Kkr2LfMIYoE2u7u2T5O821alPUzyDT9jcCWWgXvZukLmLf/iHf+P2CY/Wl3+x43rbatd/7GdK2i62yTpl68Zscy9gyKzQeGugDqZvYQu+UPv0mx3OFUXgN4E1RnygDKPw9gc+kpxk4ev8BnJF9bLWJ7EIlOCq2J5h0KIJH8ElRq9iCHaXf5Bi5v8mpBUfF/I8LxlUMIhhTkfwZvCtGehZVKMFRMUqPmulggkmiY4yLniaDdsg2vKD3ycSBYvCpRhFWMHwaLmhmE7uKYTvUkL3Mgg4pGPghnAn5KDYxBEfFcO9uYrRRQ7B2GqWNGkK10y58P7qQhnlV3EYTTJIgqU0VL4RjEEOsabh3M1KmZll4/tuRAJ2NY7ompb4MVd4JIbq8Gkz9gtt16JM3pxBKXVZKKbEw/liVbi/pyIPoEkLZFuJhd7cUhcsEjDyIeAilLj71bpEs4IIG8iDiHWlarsTvEUc8e5C03Sk+Fm4FcHHEmz3pmAhPC3W+Lzgq5mjDJ50oom1Kdwd+hg5UJM1OsVtJtIWfAVWkEwT7GWkTwSmKWNMgnCf22I1UR8/ggqogRbqF0wwTLGtLQSFq8AGnej/cQI1U20ZwiiL0KJI1U+iLtm+jE1A7JetNke9ZXiBBoS7AxakyNwF9zQ1mKKD3d0TLbVB+1YKCQiEJIdEEAymbkVfUUFyRy9OMF9BjiPqNIE2E5EHMoEZqPxYuYM2UYkREyhLkADdSoQbkAyiKF5CORlawIDYkknQ1yHgvcwdDqJFQjPnQkIw30hHkAy4EhkhXCuWkC1BuStGZko73kyHUmfoXzJCJhcNgARqm/ocL6CWUk2ENGfrPTKFVwwCG/lcSsbV7B0GspyGYBGNTVBdDaLQgePMNzZ1k4yCIzRD9JzWYIT55EgqZPsU37B0MoW0bsQ2TBO9Ma+j60Q0dJhfgW2H/htgNJHAzxRopRV+KvQ52GC+ir12AlVDoLB+a4SckOQ28OAqGELw6QV4KzS0MPdKdKnTtlWBuAc0PDdDCBdiP0aySwnUmtivABvziBIbQexqDvNi20xrfpEnxnqZEb8J6jRRdH02I3rU51HvJwUaxBgeK6cpXAkOXrXg2UYS70enCFO+8oXWL+50cZ29OO8FJ1i1c6y53q6JU7rZBjGYR2HHb/Zi/bTkqNFe7X5Nm/dB1M5dMilVHpa6uO92J1oDB7P/5hvTQvUkq1Q3uO/mpts1+sVVGJu3QjFo3RDO0X5Szk1XR4mP+i2Qq20tflmV/aYGj3FYvRVVPA06CN+5OOlQ+v5FS1URhdW12PtIpnGT7nrHaRHP7fbV7/J5MSmGOHwQvS3eoC1ZfKpOxBzXV6oNe/39jF2uq3MdeFXOkrGXH/JYifVWPcXrbCiTNYZDLCDJ+CVBbpRMEqhXeMhml8mvfajmf05q0/TWvX//dPrshrfO2fR0lL93KJhll9jzlZu+T+kxyVGc7DabdhGi1iDmmaU4rpJY7aGj3INq8MVoNoA12YSTeM2ORudlN7DfCaPE0Um9eO55gYNXP72GsDr9A8g2I+0GU7eE2oAPFox009JtId4Mo26/0ZnZn/QH2kO4FES1fX0ft9TchDh3YTt38CO4qBtnLvTkm+hIc2VQMc9TQxkqil2fwxlaJW6AzFTayU2Qh5pjVpz3c+S1rH2+9Fc8KtbphL9wZPCvVS+A2p2PFlfww4Pk0n+3UpTj/QPEjgQt73NdbO/XYjT4U3zvUoOdEfUwUvfsZXj8i8Flfr8lb6rK94hD1kluEPzb5aZ1GQmUX9tQvnxFa8OXcRBI/w0MwwrmJj7Mv5cHBEO48jpSIcvbl/fxSp80Vloq37C3O+aXLcptTxbMtc24R7zxoU7zgUg5sjzILCZGPSvabj35gPiHucdcp0UixoPo0quCo6LLTECGP/xtZiA1j6xn+vOA4MJL5Rf/FCAsZkWAdW+wBjeIJfnvHEwQz4NhK7/gO47kCOOMzjKcL4Iy3MKozBnDGj+OJutAVvs9Sz+1n+M7xvO3zGde22v2InyFzOjUi9l2DgJIn7j53sJb8Tb2ZrD6yVPUP6y1k9Xr/+ifkXsiyrL79+WtqDMMwDMMwDMMwDMMwDMMwDMMwDMMwDMMwDPMj/AdYbnDtWSif0gAAAABJRU5ErkJggg==', 'Calle Sol 456', '834567890', '845612378', 'Alumno',1),
    ('luis.gomez@example.com', '56789012E', 'admin', 'Luis', 'Gomez', 'iVBORw0KGgoAAAANSUhEUgAAAOEAAADhCAMAAAAJbSJIAAAAPFBMVEX///+8vLz09PS5ubn39/e/v7+3t7f7+/vu7u7i4uLV1dXp6en5+fnr6+vFxcXy8vLPz8/Z2dnLy8ve3t6qJOJFAAAGwUlEQVR4nO2dia7bIBBFaxbva/L//1pjx1m9cAkDztMcqdWTqjo+GQyDGXj//jEMwzAMwzAMwzAMwzAMwzAMwzAMwzAMwzAME55MdE1VGKomF1ns2/FJnRdlq2WapnImNUh9KYv890VF0Wsjlaww2eq+ELFv0pmsKfWG3KunLptfjGXVJ4d2d9Kkr2LfMIYoE2u7u2T5O821alPUzyDT9jcCWWgXvZukLmLf/iHf+P2CY/Wl3+x43rbatd/7GdK2i62yTpl68Zscy9gyKzQeGugDqZvYQu+UPv0mx3OFUXgN4E1RnygDKPw9gc+kpxk4ev8BnJF9bLWJ7EIlOCq2J5h0KIJH8ElRq9iCHaXf5Bi5v8mpBUfF/I8LxlUMIhhTkfwZvCtGehZVKMFRMUqPmulggkmiY4yLniaDdsg2vKD3ycSBYvCpRhFWMHwaLmhmE7uKYTvUkL3Mgg4pGPghnAn5KDYxBEfFcO9uYrRRQ7B2GqWNGkK10y58P7qQhnlV3EYTTJIgqU0VL4RjEEOsabh3M1KmZll4/tuRAJ2NY7ompb4MVd4JIbq8Gkz9gtt16JM3pxBKXVZKKbEw/liVbi/pyIPoEkLZFuJhd7cUhcsEjDyIeAilLj71bpEs4IIG8iDiHWlarsTvEUc8e5C03Sk+Fm4FcHHEmz3pmAhPC3W+Lzgq5mjDJ50oom1Kdwd+hg5UJM1OsVtJtIWfAVWkEwT7GWkTwSmKWNMgnCf22I1UR8/ggqogRbqF0wwTLGtLQSFq8AGnej/cQI1U20ZwiiL0KJI1U+iLtm+jE1A7JetNke9ZXiBBoS7AxakyNwF9zQ1mKKD3d0TLbVB+1YKCQiEJIdEEAymbkVfUUFyRy9OMF9BjiPqNIE2E5EHMoEZqPxYuYM2UYkREyhLkADdSoQbkAyiKF5CORlawIDYkknQ1yHgvcwdDqJFQjPnQkIw30hHkAy4EhkhXCuWkC1BuStGZko73kyHUmfoXzJCJhcNgARqm/ocL6CWUk2ENGfrPTKFVwwCG/lcSsbV7B0GspyGYBGNTVBdDaLQgePMNzZ1k4yCIzRD9JzWYIT55EgqZPsU37B0MoW0bsQ2TBO9Ma+j60Q0dJhfgW2H/htgNJHAzxRopRV+KvQ52GC+ir12AlVDoLB+a4SckOQ28OAqGELw6QV4KzS0MPdKdKnTtlWBuAc0PDdDCBdiP0aySwnUmtivABvziBIbQexqDvNi20xrfpEnxnqZEb8J6jRRdH02I3rU51HvJwUaxBgeK6cpXAkOXrXg2UYS70enCFO+8oXWL+50cZ29OO8FJ1i1c6y53q6JU7rZBjGYR2HHb/Zi/bTkqNFe7X5Nm/dB1M5dMilVHpa6uO92J1oDB7P/5hvTQvUkq1Q3uO/mpts1+sVVGJu3QjFo3RDO0X5Szk1XR4mP+i2Qq20tflmV/aYGj3FYvRVVPA06CN+5OOlQ+v5FS1URhdW12PtIpnGT7nrHaRHP7fbV7/J5MSmGOHwQvS3eoC1ZfKpOxBzXV6oNe/39jF2uq3MdeFXOkrGXH/JYifVWPcXrbCiTNYZDLCDJ+CVBbpRMEqhXeMhml8mvfajmf05q0/TWvX//dPrshrfO2fR0lL93KJhll9jzlZu+T+kxyVGc7DabdhGi1iDmmaU4rpJY7aGj3INq8MVoNoA12YSTeM2ORudlN7DfCaPE0Um9eO55gYNXP72GsDr9A8g2I+0GU7eE2oAPFox009JtId4Mo26/0ZnZn/QH2kO4FES1fX0ft9TchDh3YTt38CO4qBtnLvTkm+hIc2VQMc9TQxkqil2fwxlaJW6AzFTayU2Qh5pjVpz3c+S1rH2+9Fc8KtbphL9wZPCvVS+A2p2PFlfww4Pk0n+3UpTj/QPEjgQt73NdbO/XYjT4U3zvUoOdEfUwUvfsZXj8i8Flfr8lb6rK94hD1kluEPzb5aZ1GQmUX9tQvnxFa8OXcRBI/w0MwwrmJj7Mv5cHBEO48jpSIcvbl/fxSp80Vloq37C3O+aXLcptTxbMtc24R7zxoU7zgUg5sjzILCZGPSvabj35gPiHucdcp0UixoPo0quCo6LLTECGP/xtZiA1j6xn+vOA4MJL5Rf/FCAsZkWAdW+wBjeIJfnvHEwQz4NhK7/gO47kCOOMzjKcL4Iy3MKozBnDGj+OJutAVvs9Sz+1n+M7xvO3zGde22v2InyFzOjUi9l2DgJIn7j53sJb8Tb2ZrD6yVPUP6y1k9Xr/+ifkXsiyrL79+WtqDMMwDMMwDMMwDMMwDMMwDMMwDMMwDMMwDPMj/AdYbnDtWSif0gAAAABJRU5ErkJggg==', 'Plaza Central 789', '945678901', '978456123', 'Alumno',1),
    ('sofia.martin@example.com', '67890123F', 'admin', 'Sofia', 'Martin', 'iVBORw0KGgoAAAANSUhEUgAAAOEAAADhCAMAAAAJbSJIAAAAPFBMVEX///+8vLz09PS5ubn39/e/v7+3t7f7+/vu7u7i4uLV1dXp6en5+fnr6+vFxcXy8vLPz8/Z2dnLy8ve3t6qJOJFAAAGwUlEQVR4nO2dia7bIBBFaxbva/L//1pjx1m9cAkDztMcqdWTqjo+GQyDGXj//jEMwzAMwzAMwzAMwzAMwzAMwzAMwzAMwzAME55MdE1VGKomF1ns2/FJnRdlq2WapnImNUh9KYv890VF0Wsjlaww2eq+ELFv0pmsKfWG3KunLptfjGXVJ4d2d9Kkr2LfMIYoE2u7u2T5O821alPUzyDT9jcCWWgXvZukLmLf/iHf+P2CY/Wl3+x43rbatd/7GdK2i62yTpl68Zscy9gyKzQeGugDqZvYQu+UPv0mx3OFUXgN4E1RnygDKPw9gc+kpxk4ev8BnJF9bLWJ7EIlOCq2J5h0KIJH8ElRq9iCHaXf5Bi5v8mpBUfF/I8LxlUMIhhTkfwZvCtGehZVKMFRMUqPmulggkmiY4yLniaDdsg2vKD3ycSBYvCpRhFWMHwaLmhmE7uKYTvUkL3Mgg4pGPghnAn5KDYxBEfFcO9uYrRRQ7B2GqWNGkK10y58P7qQhnlV3EYTTJIgqU0VL4RjEEOsabh3M1KmZll4/tuRAJ2NY7ompb4MVd4JIbq8Gkz9gtt16JM3pxBKXVZKKbEw/liVbi/pyIPoEkLZFuJhd7cUhcsEjDyIeAilLj71bpEs4IIG8iDiHWlarsTvEUc8e5C03Sk+Fm4FcHHEmz3pmAhPC3W+Lzgq5mjDJ50oom1Kdwd+hg5UJM1OsVtJtIWfAVWkEwT7GWkTwSmKWNMgnCf22I1UR8/ggqogRbqF0wwTLGtLQSFq8AGnej/cQI1U20ZwiiL0KJI1U+iLtm+jE1A7JetNke9ZXiBBoS7AxakyNwF9zQ1mKKD3d0TLbVB+1YKCQiEJIdEEAymbkVfUUFyRy9OMF9BjiPqNIE2E5EHMoEZqPxYuYM2UYkREyhLkADdSoQbkAyiKF5CORlawIDYkknQ1yHgvcwdDqJFQjPnQkIw30hHkAy4EhkhXCuWkC1BuStGZko73kyHUmfoXzJCJhcNgARqm/ocL6CWUk2ENGfrPTKFVwwCG/lcSsbV7B0GspyGYBGNTVBdDaLQgePMNzZ1k4yCIzRD9JzWYIT55EgqZPsU37B0MoW0bsQ2TBO9Ma+j60Q0dJhfgW2H/htgNJHAzxRopRV+KvQ52GC+ir12AlVDoLB+a4SckOQ28OAqGELw6QV4KzS0MPdKdKnTtlWBuAc0PDdDCBdiP0aySwnUmtivABvziBIbQexqDvNi20xrfpEnxnqZEb8J6jRRdH02I3rU51HvJwUaxBgeK6cpXAkOXrXg2UYS70enCFO+8oXWL+50cZ29OO8FJ1i1c6y53q6JU7rZBjGYR2HHb/Zi/bTkqNFe7X5Nm/dB1M5dMilVHpa6uO92J1oDB7P/5hvTQvUkq1Q3uO/mpts1+sVVGJu3QjFo3RDO0X5Szk1XR4mP+i2Qq20tflmV/aYGj3FYvRVVPA06CN+5OOlQ+v5FS1URhdW12PtIpnGT7nrHaRHP7fbV7/J5MSmGOHwQvS3eoC1ZfKpOxBzXV6oNe/39jF2uq3MdeFXOkrGXH/JYifVWPcXrbCiTNYZDLCDJ+CVBbpRMEqhXeMhml8mvfajmf05q0/TWvX//dPrshrfO2fR0lL93KJhll9jzlZu+T+kxyVGc7DabdhGi1iDmmaU4rpJY7aGj3INq8MVoNoA12YSTeM2ORudlN7DfCaPE0Um9eO55gYNXP72GsDr9A8g2I+0GU7eE2oAPFox009JtId4Mo26/0ZnZn/QH2kO4FES1fX0ft9TchDh3YTt38CO4qBtnLvTkm+hIc2VQMc9TQxkqil2fwxlaJW6AzFTayU2Qh5pjVpz3c+S1rH2+9Fc8KtbphL9wZPCvVS+A2p2PFlfww4Pk0n+3UpTj/QPEjgQt73NdbO/XYjT4U3zvUoOdEfUwUvfsZXj8i8Flfr8lb6rK94hD1kluEPzb5aZ1GQmUX9tQvnxFa8OXcRBI/w0MwwrmJj7Mv5cHBEO48jpSIcvbl/fxSp80Vloq37C3O+aXLcptTxbMtc24R7zxoU7zgUg5sjzILCZGPSvabj35gPiHucdcp0UixoPo0quCo6LLTECGP/xtZiA1j6xn+vOA4MJL5Rf/FCAsZkWAdW+wBjeIJfnvHEwQz4NhK7/gO47kCOOMzjKcL4Iy3MKozBnDGj+OJutAVvs9Sz+1n+M7xvO3zGde22v2InyFzOjUi9l2DgJIn7j53sJb8Tb2ZrD6yVPUP6y1k9Xr/+ifkXsiyrL79+WtqDMMwDMMwDMMwDMMwDMMwDMMwDMMwDMMwDPMj/AdYbnDtWSif0gAAAABJRU5ErkJggg==', 'Av. Principal 101', '876543210', '879123456', 'Alumno',1),
    ('carlos.ramirez@example.com', '78901234G', 'admin', 'Carlos', 'Ramirez', 'iVBORw0KGgoAAAANSUhEUgAAAOEAAADhCAMAAAAJbSJIAAAAPFBMVEX///+8vLz09PS5ubn39/e/v7+3t7f7+/vu7u7i4uLV1dXp6en5+fnr6+vFxcXy8vLPz8/Z2dnLy8ve3t6qJOJFAAAGwUlEQVR4nO2dia7bIBBFaxbva/L//1pjx1m9cAkDztMcqdWTqjo+GQyDGXj//jEMwzAMwzAMwzAMwzAMwzAMwzAMwzAMwzAME55MdE1VGKomF1ns2/FJnRdlq2WapnImNUh9KYv890VF0Wsjlaww2eq+ELFv0pmsKfWG3KunLptfjGXVJ4d2d9Kkr2LfMIYoE2u7u2T5O821alPUzyDT9jcCWWgXvZukLmLf/iHf+P2CY/Wl3+x43rbatd/7GdK2i62yTpl68Zscy9gyKzQeGugDqZvYQu+UPv0mx3OFUXgN4E1RnygDKPw9gc+kpxk4ev8BnJF9bLWJ7EIlOCq2J5h0KIJH8ElRq9iCHaXf5Bi5v8mpBUfF/I8LxlUMIhhTkfwZvCtGehZVKMFRMUqPmulggkmiY4yLniaDdsg2vKD3ycSBYvCpRhFWMHwaLmhmE7uKYTvUkL3Mgg4pGPghnAn5KDYxBEfFcO9uYrRRQ7B2GqWNGkK10y58P7qQhnlV3EYTTJIgqU0VL4RjEEOsabh3M1KmZll4/tuRAJ2NY7ompb4MVd4JIbq8Gkz9gtt16JM3pxBKXVZKKbEw/liVbi/pyIPoEkLZFuJhd7cUhcsEjDyIeAilLj71bpEs4IIG8iDiHWlarsTvEUc8e5C03Sk+Fm4FcHHEmz3pmAhPC3W+Lzgq5mjDJ50oom1Kdwd+hg5UJM1OsVtJtIWfAVWkEwT7GWkTwSmKWNMgnCf22I1UR8/ggqogRbqF0wwTLGtLQSFq8AGnej/cQI1U20ZwiiL0KJI1U+iLtm+jE1A7JetNke9ZXiBBoS7AxakyNwF9zQ1mKKD3d0TLbVB+1YKCQiEJIdEEAymbkVfUUFyRy9OMF9BjiPqNIE2E5EHMoEZqPxYuYM2UYkREyhLkADdSoQbkAyiKF5CORlawIDYkknQ1yHgvcwdDqJFQjPnQkIw30hHkAy4EhkhXCuWkC1BuStGZko73kyHUmfoXzJCJhcNgARqm/ocL6CWUk2ENGfrPTKFVwwCG/lcSsbV7B0GspyGYBGNTVBdDaLQgePMNzZ1k4yCIzRD9JzWYIT55EgqZPsU37B0MoW0bsQ2TBO9Ma+j60Q0dJhfgW2H/htgNJHAzxRopRV+KvQ52GC+ir12AlVDoLB+a4SckOQ28OAqGELw6QV4KzS0MPdKdKnTtlWBuAc0PDdDCBdiP0aySwnUmtivABvziBIbQexqDvNi20xrfpEnxnqZEb8J6jRRdH02I3rU51HvJwUaxBgeK6cpXAkOXrXg2UYS70enCFO+8oXWL+50cZ29OO8FJ1i1c6y53q6JU7rZBjGYR2HHb/Zi/bTkqNFe7X5Nm/dB1M5dMilVHpa6uO92J1oDB7P/5hvTQvUkq1Q3uO/mpts1+sVVGJu3QjFo3RDO0X5Szk1XR4mP+i2Qq20tflmV/aYGj3FYvRVVPA06CN+5OOlQ+v5FS1URhdW12PtIpnGT7nrHaRHP7fbV7/J5MSmGOHwQvS3eoC1ZfKpOxBzXV6oNe/39jF2uq3MdeFXOkrGXH/JYifVWPcXrbCiTNYZDLCDJ+CVBbpRMEqhXeMhml8mvfajmf05q0/TWvX//dPrshrfO2fR0lL93KJhll9jzlZu+T+kxyVGc7DabdhGi1iDmmaU4rpJY7aGj3INq8MVoNoA12YSTeM2ORudlN7DfCaPE0Um9eO55gYNXP72GsDr9A8g2I+0GU7eE2oAPFox009JtId4Mo26/0ZnZn/QH2kO4FES1fX0ft9TchDh3YTt38CO4qBtnLvTkm+hIc2VQMc9TQxkqil2fwxlaJW6AzFTayU2Qh5pjVpz3c+S1rH2+9Fc8KtbphL9wZPCvVS+A2p2PFlfww4Pk0n+3UpTj/QPEjgQt73NdbO/XYjT4U3zvUoOdEfUwUvfsZXj8i8Flfr8lb6rK94hD1kluEPzb5aZ1GQmUX9tQvnxFa8OXcRBI/w0MwwrmJj7Mv5cHBEO48jpSIcvbl/fxSp80Vloq37C3O+aXLcptTxbMtc24R7zxoU7zgUg5sjzILCZGPSvabj35gPiHucdcp0UixoPo0quCo6LLTECGP/xtZiA1j6xn+vOA4MJL5Rf/FCAsZkWAdW+wBjeIJfnvHEwQz4NhK7/gO47kCOOMzjKcL4Iy3MKozBnDGj+OJutAVvs9Sz+1n+M7xvO3zGde22v2InyFzOjUi9l2DgJIn7j53sJb8Tb2ZrD6yVPUP6y1k9Xr/+ifkXsiyrL79+WtqDMMwDMMwDMMwDMMwDMMwDMMwDMMwDMMwDPMj/AdYbnDtWSif0gAAAABJRU5ErkJggg==', 'Calle Segunda 202', '987654123', '945678901', 'Alumno',1);
 insert into profesor(id,tipo)values(1,'contratado'),(2,'contratado'),(4,'contratado');
  insert into alumno(id,ciclo_id,curso,dual_intensiva)values(3,1,1,0),(5,2,1,0),(6,3,2,1),(7,1,2,1),(8,2,1,0),(9,3,1,0);   
 
-- Insertar una nueva reunión
INSERT INTO reunion (titulo, asunto, dia, hora, aula, estado_id, organizador_id)
VALUES ('Planificación Semestral', 'Revisión del plan académico', '2025-01-20', '10:00:00', 'Aula 101', 3, 1),
('Planificación trimestral', 'Revisión del plan estudiantil', '2025-01-21', '11:00:00', 'Aula 101', 2, 2),
('Planificación final', 'Revisión del plan de vacaciones', '2025-01-22', '12:00:00', 'Aula 101', 3, 4);

-- Supongamos que la reunión anterior tiene el id generado como 1
-- Insertar invitados a la reunión
INSERT INTO reunion_invitados (reunion_id, invitado_id, estado_invitacion)
VALUES 
    (1, 4, 'Pendiente'),(1, 2, 'Aceptada'),(2, 1, 'Pendiente'),(2, 4, 'Aceptada'),(3, 1, 'Pendiente'),(3, 2, 'Aceptada');   
#insert tabla rol_usuario
INSERT INTO rol_usuario (usuario_id,rol_id )
VALUES (1,1),(2,2),(3,4),(4,3),(5,2),(6,3),(7,3),(8,4),(9,4);     
#insert tabla asignatura_ciclo
INSERT INTO asignatura_ciclo (asignatura_id,ciclo_id )
VALUES (1,1),(2,1),(3,1),(4,2),(5,2),(6,2),(7,3),(8,3),(9,3);  
-- Insertar horarios
INSERT INTO horario (dia, hora_inicio, hora_fin, usuario_id, asignatura_id)
VALUES 
    ('Lunes', '08:00:00', '09:00:00', 1, 1),
    ('Lunes', '09:00:00', '10:00:00', 2, 2),
    ('Martes', '10:00:00', '11:00:00', 1, 3),
    ('Miércoles', '11:00:00', '12:00:00', 2, 4),
    ('Jueves', '12:00:00', '13:00:00', 4, 5),
    ('Viernes', '13:00:00', '14:00:00', 4, 6),
    ('Lunes', '09:00:00', '10:00:00', 1, 7),
    ('Lunes', '10:00:00', '11:00:00', 2, 8),
    ('Martes', '11:00:00', '12:00:00', 1, 9),
    ('Miércoles', '12:00:00', '13:00:00', 2, 4),
    ('Jueves', '13:00:00', '14:00:00', 4, 5),
    ('Viernes', '14:00:00', '15:00:00', 4, 6),
    ('Lunes', '08:00:00', '09:00:00', 1, 1),
    ('Lunes', '09:00:00', '10:00:00', 2, 2),
    ('Martes', '10:00:00', '11:00:00', 1, 3),
    ('Miércoles', '11:00:00', '12:00:00', 2, 4),
    ('Jueves', '12:00:00', '13:00:00', 4, 5),
    ('Viernes', '13:00:00', '14:00:00', 4, 6);